0.79,0.061,0.743,0.393,0.605,0.808,0.3,0.42,0.365,0.307
0.469,0.622,0.689,0.475,0.737,0.899,0.683,0.409,0.523,0.317
0.991,0.319,0.915,0.384,0.296,0.522,0.078,0.678,0.166,0.251
0.305,0.071,0.503,0.884,0.371,0.736,0.172,0.233,0.968,0.724
0.614,0.343,0.422,0.037,0.693,0.767,0.35,0.079,0.504,0.668
0.36,0.468,0.237,0.486,0.298,0.713,0.631,0.769,0.919,0.432
0.526,0.777,0.895,0.364,0.262,0.097,0.818,0.072,0.758,0.903
0.144,0.458,0.813,0.044,0.792,0.923,0.533,0.322,0.441,0.256
0.192,0.781,0.076,0.348,0.038,0.323,0.984,0.741,0.362,0.53
0.669,0.379,0.593,0.95,0.017,0.76,0.845,0.178,0.88,0.528
0.006,0.908,0.789,0.237,0.297,0.972,0.839,0.61,0.387,0.369
0.832,0.976,0.39,0.027,0.054,0.199,0.57,0.332,0.887,0.188
0.671,0.447,0.229,0.889,0.484,0.377,0.47,0.696,0.004,0.895
0.831,0.599,0.435,0.65,0.74,0.435,0.353,0.204,0.753,0.318
0.947,0.094,0.159,0.028,0.382,0.558,0.399,0.029,0.075,0.187
0.163,0.253,0.651,0.822,0.016,0.596,0.09,0.038,0.212,0.07
0.759,0.656,0.645,0.722,0.479,0.003,0.747,0.169,0.397,0.648
0.069,0.632,0.599,0.161,0.602,0.885,0.01,0.049,0.857,0.621
0.632,0.356,0.013,0.261,0.006,0.196,0.05,0.786,0.088,0.478
0.998,0.762,0.912,0.917,0.705,0.555,0.069,0.428,0.694,0.257
0.271,0.713,0.454,0.136,0.542,0.159,0.24,0.895,0.734,0.618
0.673,0.793,0.12,0.266,0.906,0.863,0.502,0.071,0.321,0.087
0.001,0.509,0.077,0.392,0.825,0.414,0.979,0.725,0.28,0.518
0.451,0.423,0.934,0.342,0.967,0.063,0.287,0.302,0.869,0.396
0.711,0.203,0.092,0.928,0.995,0.41,0.697,0.871,0.004,0.092
0.696,0.738,0.202,0.336,0.698,0.695,0.042,0.704,0.341,0.576
0.017,0.264,0.264,0.672,0.825,0.438,0.941,0.496,0.173,0.335
0.405,0.421,0.612,0.055,0.276,0.805,0.197,0.789,0.566,0.442
0.002,0.395,0.799,0.927,0.815,0.388,0.003,0.414,0.234,0.575
0.314,0.501,0.319,0.84,0.692,0.934,0.293,0.981,0.649,0.092
0.144,0.704,0.879,0.787,0.888,0.148,0.235,0.046,0.502,0.657
0.398,0.271,0.49,0.75,0.778,0.022,0.748,0.054,0.678,0.847
0.163,0.449,0.272,0.832,0.198,0.824,0.309,0.274,0.926,0.308
0.706,0.729,0.563,0.56,0.762,0.285,0.274,0.084,0.032,0.903
0.763,0.985,0.494,0.083,0.126,0.287,0.85,0.456,0.885,0.895
0.978,0.468,0.761,0.552,0.235,0.341,0.271,0.409,0.229,0.53
0.531,0.35,0.331,0.371,0.623,0.74,0.02,0.272,0.761,0.497
0.777,0.176,0.2,0.831,0.324,0.438,0.427,0.331,0.58,0.601
0.635,0.926,0.819,0.987,0.031,0.236,0.676,0.729,0.55,0.552
0.384,0.508,0.637,0.47,0.788,0.473,0.464,0.514,0.002,0.314
0.475,0.76,0.464,0.27,0.612,0.318,0.084,0.752,0.777,0.723
0.042,0.787,0.807,0.913,0.094,0.543,0.195,0.883,0.603,0.063
0.217,0.399,0.83,0.141,0.151,0.566,0.462,0.262,0.68,0.311
0.256,0.929,0.287,0.58,0.793,0.251,0.007,0.623,0.367,0.994
0.158,0.284,0.359,0.368,0.261,0.421,0.091,0.646,0.336,0.474
0.602,0.657,0.979,0.715,0.913,0.173,0.847,0.177,0.167,0.044
0.87,0.056,0.566,0.635,0.504,0.755,0.751,0.596,0.156,0.68
0.674,0.835,0.711,0.24,0.537,0.082,0.176,0.368,0.291,0.754
0.925,0.896,0.9,0.822,0.854,0.729,0.921,0.601,0.123,0.275
0.82,0.383,0.788,0.979,0.156,0.254,0.723,0.118,0.827,0.483
0.963,0.894,0.541,0.025,0.042,0.771,0.253,0.097,0.713,0.56
0.855,0.573,0.799,0.61,0.454,0.966,0.798,0.286,0.809,0.241
0.968,0.133,0.238,0.449,0.368,0.693,0.96,0.587,0.299,0.698
0.688,0.453,0.21,0.055,0.849,0.394,0.609,0.312,0.619,0.45
0.137,0.831,0.656,0.018,0.112,0.345,0.425,0.404,0.246,0.63
0.08,0.528,0.447,0.399,0.767,0.457,0.161,0.737,0.92,0.766
0.451,0.117,0.966,0.643,0.826,0.528,0.788,0.78,0.953,0.951
0.451,0.421,0.742,0.479,0.504,0.655,0.317,0.368,0.782,0.962
0.237,0.079,0.031,0.569,0.653,0.889,0.033,0.577,0.258,0.509
0.998,0.107,0.586,0.126,0.625,0.556,0.893,0.269,0.159,0.158
0.258,0.537,0.345,0.817,0.334,0.756,0.249,0.065,0.269,0.894
0.055,0.369,0.673,0.056,0.659,0.958,0.934,0.234,0.943,0.774
0.726,0.399,0.438,0.391,0.131,0.001,0.106,0.178,0.725,0.2
0.805,0.747,0.821,0.625,0.669,0.286,0.189,0.607,0.151,0.149
0.916,0.73,0.288,0.193,0.715,0.183,0.723,0.981,0.955,0.628
0.974,0.317,0.301,0.7,0.411,0.845,0.539,0.731,0.374,0.509
0.406,0.456,0.409,0.201,0.153,0.462,0.09,0.008,0.749,0.151
0.76,0.798,0.975,0.101,0.7,0.892,0.612,0.752,0.002,0.7
0.755,0.761,0.22,0.124,0.24,0.988,0.405,0.774,0.16,0.868
0.672,0.805,0.367,0.859,0.639,0.786,0.443,0.56,0.18,0.519
0.691,0.035,0.996,0.328,0.521,0.532,0.193,0.28,0.412,0.562
0.481,0.23,0.561,0.924,0.553,0.282,0.493,0.907,0.861,0.276
0.425,0.245,0.528,0.015,0.484,0.621,0.992,0.15,0.268,0.804
0.872,0.677,0.023,0.846,0.214,0.368,0.958,0.555,0.73,0.479
0.222,0.253,0.712,0.956,0.561,0.219,0.03,0.874,0.131,0.024
0.113,0.98,0.961,0.646,0.231,0.606,0.968,0.474,0.8,0.146
0.571,0.679,0.576,0.49,0.985,0.214,0.071,0.999,0.554,0.567
0.609,0.075,0.007,0.8,0.939,0.373,0.097,0.581,0.528,0.012
0.3,0.072,0.596,0.138,0.523,0.654,0.884,0.618,0.411,0.562
0.235,0.926,0.052,0.95,0.376,0.187,0.833,0.658,0.887,0.813
0.634,0.1,0.135,0.223,0.442,0.404,0.863,0.362,0.025,0.157
0.501,0.145,0.449,0.733,0.153,0.161,0.727,0.778,0.66,0.929
0.082,0.572,0.07,0.15,0.993,0.457,0.694,0.887,0.818,0.338
0.191,0.439,0.573,0.766,0.101,0.747,0.018,0.09,0.636,0.225
0.53,0.1,0.188,0.647,0.072,0.784,0.277,0.87,0.058,0.306
0.924,0.496,0.793,0.572,0.683,0.869,0.379,0.654,0.926,0.887
0.334,0.23,0.914,0.593,0.645,0.807,0.015,0.044,0.625,0.44
0.324,0.12,0.963,0.416,0.273,0.558,0.563,0.595,0.55,0.247
0.326,0.611,0.661,0.483,0.214,0.201,0.704,0.451,0.446,0.964
0.899,0.209,0.402,0.816,0.834,0.993,0.047,0.783,0.744,0.631
0.833,0.014,0.983,0.589,0.093,0.467,0.556,0.173,0.921,0.702
0.201,0.921,0.721,0.239,0.993,0.484,0.881,0.26,0.233,0.607
0.804,0.792,0.123,0.177,0.431,0.348,0.567,0.454,0.021,0.456
0.62,0.14,0.493,0.595,0.251,0.491,0.171,0.297,0.988,0.053
0.5,0.819,0.934,0.951,0.532,0.562,0.787,0.833,0.831,0.142
0.11,0.952,0.134,0.865,0.029,0.735,0.107,0.429,0.694,0.576
0.656,0.468,0.287,0.975,0.402,0.916,0.249,0.574,0.522,0.658
0.376,0.375,0.744,0.913,0.91,0.689,0.356,0.066,0.694,0.978
0.13,0.51,0.224,0.424,0.755,0.391,0.855,0.039,0.348,0.454
0.936,0.711,0.185,0.917,0.839,0.054,0.977,0.149,0.249,0.196
0.286,0.261,0.939,0.995,0.988,0.399,0.254,0.492,0.514,0.207
0.754,0.913,0.999,0.569,0.91,0.157,0.071,0.737,0.472,0.611
0.381,0.163,0.365,0.93,0.513,0.075,0.048,0.48,0.254,0.744
0.285,0.049,0.954,0.754,0.239,0.413,0.708,0.652,0.661,0.954
0.605,0.014,0.733,0.393,0.698,0.535,0,0.404,0.644,0.071
0.907,0.507,0.629,0.625,0.233,0.261,0.502,0.309,0.445,0.325
0.598,0.856,0.286,0.934,0.288,0.422,0.373,0.537,0.967,0.443
0.188,0.424,0.386,0.573,0.608,0.717,0.186,0.099,0.194,0.852
0.304,0,0.436,0.253,0.671,0.21,0.745,0.841,0.024,0.327
0.164,0.79,0.382,0.346,0.295,0.317,0.578,0.126,0.519,0.669
0.25,0.652,0.41,0.633,0.701,0.944,0.076,0.933,0.655,0.479
0.405,0.247,0.526,0.074,0.78,0.694,0.343,0.329,0.929,0.498
0.267,0.466,0.021,0.435,0.358,0.989,0.183,0.485,0.667,0.499
0.9,0.502,0.15,0.89,0.776,0.092,0.224,0.675,0.861,0.13
0.58,0.191,0.918,0.413,0.463,0.625,0.15,0.917,0.011,0.695
0.514,0.849,0.281,0.209,0.373,0.397,0.102,0.524,0.93,0.193
0.921,0.202,0.336,0.145,0.706,0.747,0.101,0.119,0.712,0.683
0.256,0.257,0.685,0.461,0.866,0.876,0.794,0.446,0.297,0.29
0.015,0.277,0.695,0.672,0.332,0.548,0.19,0.022,0.443,0.038
0.366,0.938,0.55,0.204,0.188,0.629,0.784,0.314,0.181,0.551
0.706,0.517,0.173,0.435,0.83,0.298,0.169,0.95,0.052,0.617
0.125,0.994,0.415,0.856,0.065,0.181,0.558,0.511,0.316,0.604
0.131,0.996,0.262,0.499,0.242,0.841,0.139,0.696,0.565,0.672
0.038,0.71,0.138,0.275,0.878,0.557,0.142,0.467,0.01,0.799
0.408,0.256,0.947,0.628,0.195,0.17,0.26,0.932,0.572,0.337
0.686,0.147,0.181,0.324,0.826,0.778,0.938,0.916,0.37,0.263
0.108,0.873,0.976,0.25,0.627,0.099,0.849,0.374,0.795,0.122
0.422,0.724,0.288,0.443,0.371,0.041,0.97,0.43,0.587,0.288
0.313,0.705,0.92,0.582,0.382,0.317,0.333,0.323,0.607,0.296
0.567,0.26,0.097,0.426,0.354,0.959,0.061,0.932,0.218,0.731
0.49,0.896,0.225,0.694,0.864,0.749,0.698,0.494,0.624,0.796
0.218,0.828,0.691,0.652,0.398,0.692,0.285,0.956,0.829,0.639
0.809,0.82,0.372,0.033,0.646,0.362,0.244,0.162,0.907,0.983
0.778,0.938,0.978,0.391,0.679,0.618,0.111,0.322,0.991,0.14
0.283,0.523,0.094,0.957,0.275,0.798,0.79,0.054,0.84,0.916
0.88,0.162,0.291,0.855,0.919,0.139,0.961,0.834,0.454,0.856
0.396,0.227,0.876,0.212,0.578,0.553,0.643,0.828,0.057,0.729
0.13,0.779,0.5,0.882,0.433,0.759,0.431,0.126,0.487,0.625
0.367,0.268,0.299,0.389,0.482,0.984,0.458,0.572,0.755,0.202
0.707,0.554,0.862,0.98,0.967,0.1,0.513,0.724,0.347,0.23
0.054,0.633,0.457,0.531,0.216,0.049,0.457,0.865,0.826,0.875
0.513,0.29,0.629,0.22,0.728,0.116,0.363,0.303,0.857,0.208
0.434,0.443,0.432,0.25,0.692,0.293,0.259,0.647,0.8,0.648
0.247,0.947,0.216,0.445,0.143,0.988,0.523,0.836,0.475,0.902
0.688,0.493,0.382,0.471,0.196,0.266,0.017,0.944,0.772,0.068
0.946,0.223,0.106,0.701,0.175,0.387,0.114,0.327,0.157,0.874
0.732,0.512,0.276,0.436,0.729,0.881,0.947,0.99,0.138,0.007
0.03,0.724,0.193,0.209,0.239,0.237,0.519,0.461,0.14,0.623
0.607,0.884,0.483,0.868,0.017,0.964,0.537,0.263,0.016,0.898
0.422,0.189,0.618,0.467,0.356,0.552,0.85,0.043,0.196,0.217
0.213,0.626,0.617,0.072,0.736,0.921,0.123,0.218,0.971,0.213
0.209,0.595,0.778,0.681,0.186,0.59,0.908,0.041,0.479,0.907
0.875,0.835,0.972,0.65,0.027,0.916,0.341,0.229,0.865,0.741
0.67,0.358,0.079,0.988,0.646,0.145,0.019,0.486,0.785,0.421
0.306,0.464,0.879,0.134,0.322,0.547,0.042,0.501,0.129,0.09
0.023,0.161,0.127,0.761,0.085,0.533,0.804,0.021,0.909,0.751
0.357,0.165,0.045,0.855,0.535,0.99,0.323,0.531,0.721,0.634
0.138,0.842,0.887,0.269,0.868,0.308,0.799,0.336,0.893,0.649
0.104,0.129,0.567,0.859,0.065,0.253,0.938,0.342,0.503,0.623
0.018,0.317,0.385,0.015,0.706,0.552,0.406,0.072,0.96,0.261
0.093,0.204,0.539,0.251,0.863,0.27,0.961,0.375,0.357,0.095
0.273,0.285,0.049,0.992,0.993,0.484,0.738,0.592,0.127,0.779
0.521,0.341,0.333,0.584,0.612,0.925,0.694,0.385,0.712,0.483
0.044,0.492,0.841,0.958,0.281,0.422,0.953,0.631,0.001,0.653
0.429,0.46,0.926,0.592,0.051,0.3,0.301,0.887,0.237,0.048
0.083,0.182,0.105,0.904,0.006,0.038,0.797,0.625,0.601,0.551
0.069,0.936,0.835,0.714,0.063,0.689,0.071,0.557,0.979,0.731
0.084,0.448,0.03,0.529,0.977,0.615,0.824,0.539,0.312,0.713
0.017,0.358,0.493,0.007,0.154,0.738,0.088,0.654,0.522,0.016
0.256,0.53,0.289,0.228,0.628,0.582,0.043,0.483,0.102,0.158
0.991,0.59,0.446,0.473,0.999,0.447,0.449,0.563,0.964,0.79
0.216,0.018,0.968,0.65,0.925,0.778,0.942,0.721,0.095,0.771
0.545,0.912,0.744,0.542,0.218,0.095,0.043,0.311,0.457,0.578
0.433,0.336,0.391,0.53,0.459,0.61,0.7,0.905,0.471,0.951
0.727,0.495,0.914,0.978,0.813,0.241,0.326,0.576,0.456,0.657
0.542,0.745,0.917,0.541,0.868,0.224,0.303,0.413,0.226,0.332
0.253,0.35,0.126,0.479,0.573,0.086,0.322,0.868,0.688,0.906
0.126,0.612,0.785,0.65,0.663,0.26,0.212,0.212,0.404,0.279
0,0.75,0.77,0.311,0.474,0.538,0.419,0.706,0.498,0.575
0.615,0.056,0.389,0.878,0.674,0.621,0.751,0.101,0.879,0.254
0.306,0.143,0.373,0.322,0.511,0.658,0.29,0.684,0.041,0.134
0.04,0.815,0.083,0.953,0.754,0.089,0.476,0.929,0.23,0.778
0.539,0.147,0.538,0.613,0.064,0.311,0.475,0.369,0.792,0.663
0.916,0.359,0.889,0.155,0.442,0.307,0.311,0.219,0.558,0.494
0.808,0.703,0.383,0.899,0.086,0.928,0.546,0.28,0.97,0.777
0.315,0.682,0.718,0.695,0.905,0.974,0.23,0.625,0.705,0.404
0.331,0.116,0.7,0.155,0.643,0.308,0.772,0.38,0.729,0.368
0.648,0.172,0.048,0.459,0.855,0.848,0.798,0.861,0.706,0.704
0.159,0.082,0.046,0.865,0.373,0.649,0.497,0.625,0.813,0.044
0.819,0.58,0.588,0.022,0.642,0.342,0.208,0.393,0.982,0.338
0.144,0.409,0.449,0.202,0.542,0.486,0.804,0.014,0.657,0.205
0.413,0.824,0.701,0.835,0.698,0.2,0.826,0.932,0.257,0.201
0.449,0.624,0.663,0.643,0.902,0.781,0.902,0.113,0.575,0.757
0.82,0.957,0.11,0.64,0.958,0.09,0.421,0.46,0.575,0.264
0.775,0.5,0.334,0.117,0.89,0.6,0.984,0.362,0.736,0.538
0.829,0.085,0.822,0.226,0.486,0.149,0.656,0.479,0.86,0.277
0.715,0.282,0.404,0.616,0.798,0.232,0.123,0.866,0.208,0.275
0.004,0.172,0.242,0.098,0.175,0.983,0.558,0.257,0.925,0.015
0.689,0.333,0.524,0.898,0.666,0.443,0.254,0.096,0.808,0.997
0.095,0.878,0.207,0.037,0.107,0.816,0.947,0.081,0.598,0.197
0.145,0.724,0.041,0.176,0.618,0.895,0.249,0.192,0.817,0.137
0.494,0.996,0.486,0.601,0.47,0.693,0.69,0.503,0.665,0.36
0.221,0.703,0.458,0.638,0.268,0.272,0.541,0.006,0.82,0.419
0.465,0.197,0.269,0.191,0.245,0.671,0.611,0.847,0.234,0.748
0.935,0.139,0.696,0.563,0.116,0.078,0.42,0.809,0.178,0.395
0.083,0.008,0.734,0.848,0.57,0.636,0.624,0.4,0.302,0.445
0.633,0.748,0.612,0.954,0.417,0.932,0.049,0.572,0.694,0.226
0.209,0.55,0.558,0.451,0.989,0.708,0.568,0.801,0.902,0.067
0.538,0.37,0.554,0.705,0.515,0.312,0.193,0.619,0.801,0.014
0.458,0.273,0.194,0.598,0.788,0.487,0.16,0.545,0.861,0.653
0.59,0.08,0.613,0.872,0.072,0.496,0.698,0.635,0.282,0.1
0.562,0.923,0.92,0.958,0.507,0.514,0.936,0.488,0.006,0.172
0.487,0.355,0.507,0.515,0.742,0.527,0.519,0.373,0.813,0.159
0.857,0.324,0.674,0.563,0.319,0.547,0.628,0.474,0.484,0.358
0.53,0.049,0.443,0.802,0.253,0.111,0.347,0.687,0.446,0.356
0.72,0.494,0.221,0.276,0.529,0.917,0.235,0.526,0.873,0.313
0.488,0.975,0.015,0.588,0.844,0.302,0.911,0.285,0.532,0.272
0.304,0.024,0.261,0.877,0.706,0.746,0.981,0.709,0.808,0.355
0.171,0.382,0.008,0.378,0.118,0.67,0.997,0.592,0.369,0.287
0.273,0.537,0.33,0.519,0.96,0.631,0.368,0.737,0.764,0.894
0.227,0.181,0.644,0.674,0.189,0.843,0.484,0.847,0.484,0.766
0.2,0.859,0.366,0.522,0.44,0.67,0.665,0.412,0.666,0.358
0.982,0.213,0.214,0.705,0.22,0.079,0.832,0.637,0.079,0.958
0.035,0.729,0.393,0.753,0.914,0.064,0.043,0.074,0.984,0.948
0.889,0.503,0.44,0.958,0.275,0.199,0.807,0.85,0.82,0.661
0.127,0.639,0.616,0.957,0.283,0.439,0.427,0.881,0.428,0.797
0.598,0.158,0.105,0.849,0.831,0.411,0.108,0.037,0.366,0.489
0.937,0.076,0.88,0.225,0.388,0.935,0.278,0.988,0.569,0.315
0.717,0.38,0.609,0.398,0.088,0.604,0.463,0.534,0.145,0.702
0.206,0.702,0.239,0.338,0.43,0.131,0.031,0.126,0.939,0.26
0.903,0.238,0.309,0.661,0.002,0.246,0.019,0.011,0.627,0.527
0.202,0.981,0.214,0.82,0.03,0.086,0.832,0.36,0.441,0.292
0.947,0.065,0.91,0.708,0.283,0.451,0.395,0.82,0.438,0.111
0.061,0.416,0.164,0.089,0.822,0.471,0.904,0.24,0.047,0.207
0.781,0.47,0.734,0.868,0.884,0.749,0.149,0.778,0.504,0.34
0.225,0.881,0.68,0.728,0.485,0.573,0.818,0.99,0.802,0.637
0.155,0.541,0.633,0.103,0.937,0.828,0.503,0.66,0.813,0.573
0.931,0.181,0.386,0.126,0.628,0.062,0.613,0.533,0.046,0.141
0.331,0.052,0.176,0.03,0.706,0.781,0.55,0.465,0.769,0.934
0.686,0.979,0.414,0.827,0.222,0.56,0.623,0.245,0.877,0.057
0.854,0.96,0.29,0.244,0.527,0.801,0.946,0.612,0.797,0.854
0.992,0.715,0.633,0.361,0.73,0.261,0.964,0.957,0.944,0.531
0.08,0.619,0.82,0.648,0.598,0.573,0.142,0.279,0.044,0.206
0.325,0.263,0.232,0.455,0.555,0.135,0.416,0.414,0.03,0.545
0.39,0.466,0.865,0.586,0.026,0.438,0.406,0.411,0.908,0.293
0.506,0.52,0.765,0.494,0.891,0.527,0.274,0.11,0.635,0.28
0.887,0.577,0.151,0.546,0.599,0.985,0.588,0.428,0.244,0.61
0.043,0.172,0.055,0.222,0.107,0.639,0.925,0.809,0.801,0.865
0.857,0.352,0.375,0.525,0.15,0.276,0.219,0.769,0.497,0.02
0.507,0.851,0.331,0.941,0.04,0.492,0.529,0.038,0.113,0.115
0.482,0.054,0.721,0.126,0.959,0.062,0.381,0.727,0.601,0.927
0.792,0.434,0.45,0.326,0.705,0.999,0.244,0.853,0.527,0.087
0.753,0.003,0.144,0.319,0.191,0.685,0.234,0.057,0.434,0.165
0.392,0.589,0.47,0.303,0.345,0.231,0.458,0.043,0.857,0.244
0.347,0.648,0.066,0.218,0.473,0.185,0.591,0.645,0.01,0.351
0.123,0.112,0.858,0.56,0.521,0.24,0.87,0.98,0.757,0.756
0.273,0.884,0.612,0.016,0.338,0.668,0.063,0.735,0.038,0.565
0.379,0.89,0.669,0.444,0.404,0.391,0.323,0.986,0.002,0.243
0.038,0.018,0.674,0.094,0.876,0.108,0.54,0.04,0.187,0.786
0.717,0.722,0.84,0.01,0.41,0.531,0.968,0.521,0.26,0.832
0.056,0.086,0.598,0.474,0.212,0.89,0.273,0.611,0.299,0.533
0.5,0.144,0.504,0.268,0.469,0.272,0.559,0.134,0.047,0.827
0.25,0.661,0.44,0.674,0.514,0.91,0.647,0.069,0.76,0.857
0.811,0.109,0.323,0.953,0.11,0.78,0.187,0.533,0.948,0.261
0.024,0.255,0.616,0.311,0.877,0.963,0.841,0.24,0.678,0.307
0.465,0.203,0.372,0.048,0.265,0.792,0.006,0.195,0.073,0.935
0.728,0.51,0.924,0.94,0.715,0.881,0.299,0.193,0.146,0.672
0.173,0.884,0.074,0.744,0.983,0.531,0.348,0.936,0.433,0.411
0.284,0.89,0.081,0.419,0.938,0.376,0.467,0.487,0.854,0.589
0.965,0.918,0.388,0.909,0.134,0.288,0.175,0.641,0.629,0.862
0.738,0.325,0.462,0.065,0.17,0.493,0.249,0.047,0.632,0.154
0.855,0.623,0.24,0.403,0.539,0.805,0.319,0.196,0.016,0.711
0.633,0.383,0.077,0.703,0.866,0.786,0.747,0.678,0.888,0.595
0.817,0.676,0.689,0.77,0.313,0.941,0.782,0.405,0.862,0.416
0.952,0.9,0.778,0.401,0.814,0.708,0.136,0.817,0.225,0.118
0.115,0.765,0.609,0.336,0.137,0.803,0.683,0.4,0.691,0.137
0.028,0.759,0.404,0.46,0.735,0.591,0.814,0.912,0.911,0.41
0.868,0.021,0.12,0.605,0.838,0.042,0.964,0.472,0.643,0.672
0.904,0.007,0.774,0.558,0.241,0.376,0.707,0.434,0.259,0.449
0.755,0.576,0.167,0.192,0.338,0.872,0.931,0.687,0.099,0.194
0.555,0.085,0.625,0.841,0.471,0.486,0.491,0.699,0.395,0.699
0.356,0.419,0.465,0.664,0.579,0.178,0.455,0.012,0.714,0.551
0.885,0.911,0.944,0.379,0.657,0.285,0.824,0.912,0.514,0.784
0.507,0.839,0.671,0.64,0.981,0.305,0.554,0.095,0.025,0.058
0.908,0.657,0.73,0.623,0.041,0.24,0.818,0.556,0.391,0.017
0.756,0.702,0.218,0.29,0.84,0.593,0.492,0.172,0.908,0.521
0.113,0.459,0.732,0.53,0.834,0.112,0.724,0.765,0.687,0.5
0.009,0.631,0.783,0.963,0.724,0.21,0.098,0.993,0.529,0.667
0.956,0.347,0.17,0.504,0.381,0.194,0.466,0.632,0.723,0.232
0.318,0.739,0.616,0.856,0.778,0.834,0.159,0.278,0.675,0.621
0.3,0.263,0.099,0.984,0.764,0.89,0.922,0.023,0.687,0.071
0.966,0.73,0.635,0.592,0.65,0.192,0.118,0.904,0.6,0.316
0.424,0.011,0.228,0.691,0.249,0.719,0.711,0.924,0.403,0.986
0.408,0.013,0.876,0.081,0.958,0.353,0.655,0.798,0.906,0.267
0.4,0.935,0.272,0.105,0.046,0.817,0.185,0.177,0.69,0.781
0.964,0.1,0.812,0.516,0.237,0.766,0.763,0.838,0.754,0.216
0.41,0.027,0.619,0.198,0.154,0.902,0.248,0.61,0.76,0.701
0.694,0.932,0.546,0.412,0.83,0.409,0.356,0.569,0.906,0.131
0.354,0.769,0.236,0.479,0.245,0.298,0.158,0.424,0.919,0.315
0.843,0.451,0.881,0.058,0.197,0.216,0.7,0.016,0.167,0.277
0.031,0.721,0.347,0.554,0.522,0.255,0.61,0.596,0.609,0.006
0.544,0.816,0.162,0.007,0.212,0.006,0.543,0.96,0.299,0.28
0.982,0.454,0.37,0.274,0.343,0.966,0.18,0.069,0.476,0.521
0.92,0.41,0.988,0.129,0.275,0.618,0.8,0.23,0.736,0.866
0.466,0.003,0.973,0.458,0.131,0.8,0.662,0.832,0.765,0.002
0.129,0.391,0.501,0.231,0.189,0.795,0.688,0.817,0.511,0.225
0.968,0.238,0.91,0.596,0.309,0.134,0.902,0.551,0.365,0.512
0.261,0.315,0.628,0.766,0.733,0.218,0.782,0.668,0.474,0.453
0.418,0.168,0.966,0.964,0.657,0.182,0.209,0.707,0.452,0.383
0.756,0.898,0.686,0.108,0.688,0.438,0.34,0.162,0.981,0.908
0.366,0.244,0.448,0.459,0.326,0.956,0.943,0.786,0.015,0.388
0.447,0.585,0.683,0.243,0.776,0.904,0.202,0.084,0.584,0.211
0.116,0.995,0.643,0.11,0.695,0.983,0.695,0.568,0.027,0.034
0.721,0.778,0.452,0.227,0.392,0.605,0.205,0.558,0.917,0.696
0.686,0.341,0.724,0.778,0.293,0.84,0.659,0.574,0.808,0.311
0.843,0.009,0.39,0.457,0.591,0.408,0.155,0.263,0.225,0.757
0.848,0.438,0.459,0.366,0.663,0.731,0.216,0.833,0.587,0.976
0.266,0.684,0.498,0.163,0.605,0.605,0.064,0.58,0.261,0.166
0.839,0.356,0.61,0.327,0.037,0.684,0.812,0.647,0.296,0.008
0.214,0.614,0.237,0.66,0.786,0.064,0.144,0.534,0.065,0.781
0.758,0.944,0.227,0.734,0.705,0.246,0.348,0.015,0.036,0.617
0.312,0.052,0.989,0.171,0.688,0.432,0.819,0.482,0.929,0.549
0.886,0.055,0.173,0.761,0.605,0.757,0.554,0.651,0.106,0.027
0.071,0.867,0.449,0.37,0.588,0.732,0.97,0.228,0.503,0.141
0.935,0.377,0.484,0.829,0.508,0.23,0.159,0.547,0.652,0.915
0.596,0.329,0.16,0.947,0.604,0.383,0.267,0.401,0.359,0.303
0.124,0.173,0.23,0.45,0.675,0.798,0.483,0.438,0.63,0.766
0.308,0.127,0.772,0.606,0.5,0.917,0.291,0.4,0.905,0.258
0.01,0.718,0.119,0.403,0.163,0.31,0.358,0.531,0.972,0.103
0.232,0.717,0.987,0.367,0.53,0.888,0.273,0.609,0.578,0.63
0.646,0.408,0.241,0.022,0.051,0.342,0.405,0.443,0.734,0.771
0.075,0.688,0.093,0.978,0.8,0.802,0.089,0.054,0.043,0.162
0.106,0.023,0.439,0.897,0.36,0.924,0.197,0.796,0.259,0.776
0.113,0.474,0.71,0.66,0.796,0.607,0.64,0.884,0.39,0.133
0.231,0.696,0.524,0.509,0.081,0.599,0.042,0.039,0.876,0.551
0.19,0.778,0.036,0.031,0.152,0.471,0.225,0.038,0.261,0.014
0.362,0.939,0.729,0.589,0.696,0.512,0.21,0.527,0.524,0.841
0.935,0.821,0.133,0.315,0.496,0.82,0.539,0.609,0.136,0.647
0.529,0.86,0.469,0.185,0.334,0.503,0.029,0.626,0.23,0.62
0.295,0.629,0.26,0.279,0.372,0.011,0.403,0.206,0.065,0.033
0.607,0.487,0.893,0.873,0.565,0.061,0.971,0.844,0.098,0.566
0.336,0.428,0.595,0.805,0.851,0.43,0.926,0.271,0.44,0.615
0.851,0.516,0.12,0.97,0.88,0.025,0.428,0.06,0.959,0.271
0.777,0.835,0.087,0.438,0.248,0.504,0.939,0.479,0.511,0.037
0.83,0.162,0.863,0.852,0.26,0.17,0.16,0.865,0.886,0.553
0.548,0.26,0.532,0.746,0.793,0.249,0.217,0.203,0.305,0.511
0.079,0.607,0.525,0.909,0.439,0.153,0.957,0.428,0.751,0.827
0.226,0.613,0.138,0.676,0.041,0.73,0.351,0.501,0.334,0.85
0.685,0.221,0.122,0.55,0.03,0.189,0.699,0.13,0.431,0.849
0.376,0.624,0.379,0.687,0.426,0.087,0.271,0.732,0.399,0.067
0.258,0.783,0.328,0.713,0.361,0.614,0.862,0.465,0.377,0.875
0.1,0.965,0.631,0.369,0.419,0.638,0.016,0.672,0.199,0.59
0.45,0.736,0.926,0.891,0.715,0.697,0.081,0.371,0.066,0.707
0.482,0.499,0.479,0.294,0.293,0.361,0.675,0.576,0.29,0.325
0.795,0.183,0.455,0.699,0.656,0.852,0.108,0.145,0.213,0.057
0.456,0.142,0.998,0.085,0.613,0.726,0.463,0.547,0.699,0.057
0.418,0.435,0.832,0.47,0.027,0.516,0.238,0.657,0.783,0.401
0.332,0.545,0.188,0.286,0.111,0.647,0.724,0.608,0.96,0.451
0.807,0.739,0.477,0.977,0.195,0.975,0.75,0.035,0.885,0.18
0.848,0.278,0.3,0.569,0.264,0.454,0.287,0.813,0.956,0.856
0.28,0.615,0.21,0.897,0.3,0.968,0.911,0.24,0.462,0.248
0.799,0.498,0.54,0.225,0.817,0.791,0.763,0.911,0.178,0.371
0.202,0.302,0.548,0.949,0.714,0.347,0.996,0.4,0.05,0.548
0.926,0.741,0.794,0.931,0.619,0.236,0.174,0.361,0.341,0.894
0.981,0.547,0.706,0.681,0.519,0.007,0.327,0.184,0.186,0.229
0.608,0.836,0.507,0.242,0.145,0.6,0.278,0.228,0.747,0.185
0.992,0.782,0.217,0.494,0.449,0.967,0.567,0.874,0.16,0.968
0.238,0.902,0.061,0.447,0.783,0.706,0.904,0.859,0.911,0.992
0.286,0.225,0.09,0.152,0.602,0.528,0.462,0.856,0.76,0.53
0.861,0.705,0.315,0.863,0.133,0.445,0.72,0.559,0.796,0.029
0.905,0.287,0.176,0.985,0.198,0.257,0.431,0.883,0.517,0.633
0.634,0.663,0.666,0.54,0.826,0.61,0.995,0.704,0.217,0.915
0.332,0.329,0.827,0.166,0.839,0.543,0.479,0.872,0.604,0.226
0.691,0.594,0.515,0.109,0.201,0.695,0.139,0.024,0.859,0.574
0.378,0.185,0.995,0.23,0.825,0.897,0.22,0.554,0.31,0.551
0.661,0.209,0.341,0.961,0.068,0.219,0.491,0.815,0.706,0.009
0.02,0.426,0.882,0.568,0.068,0.963,0.492,0.422,0.147,0.272
0.6,0.066,0.163,0.976,0.046,0.522,0.326,0.041,0.445,0.152
0.293,0.331,0.144,0.827,0.752,0.749,0.725,0.339,0.764,0.976
0.155,0.365,0.38,0.857,0.327,0.486,0.069,0.696,0.304,0.448
0.37,0.388,0.358,0.239,0.008,0.935,0.577,0.824,0.33,0.267
0.051,0.355,0.99,0.058,0.066,0.331,0.537,0.258,0.366,0.859
0.124,0.244,0.301,0.99,0.234,0.241,0.823,0.271,0.513,0.656
0.018,0.465,0.144,0.799,0.622,0.686,0.084,0.671,0.241,0.402
0.622,0.051,0.245,0.991,0.693,0.907,0.306,0.177,0.138,0.58
0.376,0.012,0.125,0.794,0.791,0.19,0.074,0.104,0.841,0.181
0.142,0.982,0.358,0.164,0.843,0.198,0.114,0.614,0.357,0.427
0.998,0.56,0.663,0.251,0.369,0.115,0.195,0.945,0.859,0.863
0.142,0.958,0.052,0.049,0.252,0.88,0.991,0.686,0.978,0.604
0.428,0.53,0.451,0.567,0.85,0.006,0.754,0.437,0.673,0.519
0.87,0.899,0.368,0.663,0.245,0.341,0.276,0.545,0.754,0.883
0.426,0.405,0.182,0.829,0.151,0.254,0.947,0.09,0.701,0.615
0.549,0.703,0.959,0.602,0.589,0.393,0.951,0.346,0.926,0.648
0.057,0.298,0.109,0.281,0.26,0.673,0.702,0.666,0.81,0.905
0.292,0.309,0.473,0.721,0.029,0.49,0.938,0.711,0.734,0.217
0.812,0.249,0.949,0.551,0.498,0.454,0.446,0.996,0.331,0.117
0.995,0.073,0.065,0.518,0.897,0.232,0.411,0.961,0.402,0.231
0.409,0.449,0.374,0.34,0.983,0.663,0.812,0.613,0.776,0.288
0.195,0.016,0.82,0.333,0.522,0.449,0.593,0.405,0.197,0.714
0.693,0.308,0.069,0.235,0.007,0.853,0.882,0.679,0.823,0.522
0.359,0.023,0.386,0.487,0.565,0.43,0.467,0.144,0.291,0.637
0.957,0.777,0.952,0.116,0.468,0.731,0.621,0.689,0.167,0.426
0.11,0.592,0.735,0.928,0.466,0.795,0.223,0.678,0.328,0.332
0.694,0.907,0.74,0.539,0.243,0.074,0.886,0.217,0.892,0.199
0.133,0.961,0.756,0.549,0.166,0.021,0.324,0.287,0.67,0.803
0.415,0.809,0.763,0.18,0.243,0.244,0.248,0.428,0.981,0.328
0.067,0.117,0.508,0.739,0.719,0.768,0.64,0.097,0.58,0.026
0.409,0.607,0.494,0.624,0.074,0.723,0.809,0.043,0.47,0.306
0.701,0.998,0.927,0.216,0.183,0.926,0.874,0.038,0.496,0.131
0.237,0.499,0.226,0.434,0.447,0.404,0.205,0.157,0.228,0.858
0.344,0.408,0.887,0.608,0.338,0.975,0.648,0.328,0.246,0.886
0.351,0.227,0.169,0.444,0.889,0.316,0.589,0.183,0.962,0.894
0.41,0.818,0.473,0.256,0.057,0.424,0.807,0.466,0.104,0.235
0.867,0.357,0.229,0.216,0.607,0.52,0.973,0.641,0.801,0.08
0.312,0.691,0.033,0.79,0.088,0.076,0.909,0.524,0.062,0.828
0.263,0.197,0.098,0.789,0.514,0.454,0.715,0.054,0.625,0.713
0.49,0.839,0.386,0.766,0.63,0.08,0.099,0.274,0.699,0.601
0.802,0.518,0.08,0.145,0.281,0.903,0.023,0.415,0.428,0.754
0.001,0.773,0.859,0.094,0.624,0.821,0.361,0.48,0.189,0.548
0.345,0.587,0.023,0.681,0.52,0.31,0.128,0.044,0.502,0.743
0.925,0.885,0.363,0.013,0.135,0.325,0.961,0.696,0.309,0.227
0.679,0.802,0.384,0.783,0.708,0.605,0.164,0.072,0.692,0.802
0.702,0.776,0.918,0.996,0.088,0.325,0.694,0.246,0.687,0.207
0.237,0.731,0.416,0.7,0.765,0.29,0.156,0.645,0.035,0.85
0.894,0.166,0.276,0.737,0.984,0.299,0.893,0.189,0.655,0.361
0.955,0.491,0.007,0.454,0.863,0.993,0.198,0.415,0.863,0.999
0.57,0.422,0.735,0.875,0.838,0.224,0.091,0.73,0.875,0.018
0.097,0.348,0.742,0.532,0.489,0.696,0.792,0.592,0.574,0.233
0.201,0.875,0.839,0.048,0.456,0.674,0.638,0.763,0.307,0.031
0.29,0.531,0.189,0.026,0.263,0.543,0.666,0.629,0.282,0.059
0.175,0.774,0.751,0.776,0.058,0.456,0.129,0.524,0.573,0.073
0.374,0.042,0.739,0.713,0.966,0.245,0.615,0.501,0.263,0.221
0.032,0.972,0.999,0.743,0.934,0.435,0.215,0.346,0.302,0.396
0.491,0.049,0.545,0.354,0.673,0.59,0.792,0.601,0.345,0.981
0.015,0.552,0.059,0.388,0.699,0.131,0.658,0.887,0.1,0.652
0.415,0.467,0.312,0.041,0.506,0.662,0.809,0.653,0.994,0.42
0.961,0.065,0.982,0.053,0.636,0.213,0.137,0.677,0.292,0.297
0.296,0.652,0.168,0.635,0.064,0.974,0.444,0.318,0.307,0.462
0.988,0.929,0.018,0.667,0.72,0.745,0.126,0.939,0.826,0.045
0.158,0.305,0.586,0.112,0.892,0.321,0.788,0.917,0.591,0.534
0.64,0.625,0.956,0.411,0.759,0.375,0.711,0.905,0.408,0.965
0.267,0.096,0.961,0.097,0.943,0.07,0.288,0.739,0.973,0.576
0.288,0.97,0.598,0.63,0.744,0.493,0.377,0.918,0.331,0.155
0.827,0.799,0.686,0.063,0.659,0.229,0.278,0.408,0.189,0.171
0.735,0.47,0.795,0.275,0.618,0.088,0.55,0.463,0.302,0.713
0.124,0.711,0.615,0.34,0.813,0.853,0.674,0.62,0.374,0.25
0.186,0.764,0.704,0.741,0.677,0.685,0.077,0.628,0.155,0.739
0.423,0.984,0.47,0.82,0.827,0.423,0.569,0.681,0.023,0.712
0.762,0.519,0.067,0.992,0.145,0.406,0.524,0.244,0.44,0.363
0.977,0.883,0.942,0.866,0.438,0.039,0.121,0.623,0.467,0.329
0.902,0.553,0.535,0.254,0.803,0.385,0.861,0.308,0.043,0.662
0.763,0.08,0.922,0.364,0.801,0.925,0.157,0.222,0.156,0.291
0.503,0.311,0.784,0.707,0.958,0.235,0.897,0.212,0.883,0.536
0.375,0.667,0.108,0.245,0.646,0.009,0.716,0.385,0.146,0.634
0.695,0.399,0.672,0.826,0.476,0.883,0.372,0.11,0.867,0.045
0.296,0.77,0.648,0.03,0.774,0.615,0.907,0.344,0.617,0.258
0.561,0.014,0.889,0.554,0.015,0.256,0.081,0.98,0.988,0.965
0.537,0.092,0.433,0.191,0.758,0.131,0.876,0.48,0.925,0.766
0.083,0.714,0.177,0.249,0.621,0.892,0.932,0.842,0.192,0.283
0.895,0.683,0.78,0.535,0.52,0.089,0.327,0.685,0.486,0.369
0.732,0.86,0.263,0.187,0.023,0.217,0.239,0.103,0.37,0.22
0.056,0.77,0.499,0.26,0.486,0.014,0.936,0.554,0.749,0.979
0.22,0.757,0.794,0.42,0.907,0.704,0.434,0.961,0.848,0.836
0.975,0.134,0.566,0.232,0.229,0.873,0.001,0.248,0.688,0.957
0.569,0.679,0.182,0.696,0.892,0.821,0.599,0.38,0.532,0.539
0.115,0.061,0.26,0.009,0.951,0.2,0.773,0.064,0.36,0.116
0.182,0.027,0.75,0.902,0.694,0.414,0.587,0.763,0.928,0.111
0.484,0.14,0.858,0.101,0.082,0.149,0.691,0.211,0.066,0.883
0.957,0.005,0.761,0.397,0.033,0.425,0.489,0.072,0.161,0.782
0.664,0.125,0.848,0.108,0.715,0.626,0.109,0.249,0.655,0.952
0.324,0.407,0.904,0.133,0.278,0.927,0.91,0.268,0.902,0.345
0.4,0.152,0.383,0.25,0.065,0.431,0.402,0.702,0.819,0.216
0.025,0.846,0.265,0.957,0.518,0.731,0.478,0.852,0.982,0.47
0.992,0.701,0.014,0.774,0.958,0.402,0.032,0.259,0.053,0.502
0.915,0.521,0.788,0.533,0.305,0.305,0.91,0.117,0.818,0.822
0.494,0.475,0.169,0.095,0.793,0.652,0.386,0.323,0.654,0.54
0.638,0.075,0.371,0.46,0.616,0.537,0.796,0.286,0.554,0.624
0.591,0.305,0.47,0.552,0.388,0.831,0.429,0.485,0.82,0.951
0.557,0.384,0.223,0.297,0.991,0.074,0.752,0.82,0.055,0.176
0.544,0.397,0.141,0.899,0.059,0.739,0.14,0.405,0.746,0.952
0.525,0.375,0.646,0.822,0.885,0.072,0.759,0.077,0.232,0.782
0.325,0.253,0.734,0.952,0.032,0.189,0.892,0.236,0.509,0.484
0.841,0.705,0.731,0.233,0.045,0.261,0.761,0.729,0.654,0.658
0.726,0.806,0.745,0.522,0.315,0.777,0.66,0.794,0.189,0.992
0.474,0.036,0.099,0.411,0.323,0.936,0.556,0.28,0.393,0.254
0.299,0.625,0.106,0.172,0.466,0.684,0.212,0.656,0.779,0.946
0.984,0.178,0.378,0.121,0.775,0.055,0.793,0.769,0.995,0.365
0.269,0.308,0.907,0.206,0.78,0.799,0.291,0.528,0.939,0.127
0.798,0.741,0.68,0.366,0.987,0.806,0.762,0.51,0.904,0.756
0.944,0.315,0.537,0.182,0.973,0.141,0.494,0.738,0.406,0.301
0.932,0.249,0.268,0.067,0.501,0.112,0.653,0.088,0.058,0.373
0.272,0.836,0.774,0.116,0.714,0.103,0.02,0.696,0.151,0.145
0.283,0.201,0.132,0.164,0.041,0.774,0.555,0.425,0.32,0.077
0.575,0.842,0.797,0.796,0.762,0.113,0.758,0.094,0.379,0.415
0.454,0.155,0.54,0.216,0.768,0.717,0.042,0.177,0.835,0.412
0.869,0.134,0.595,0.644,0.483,0.164,0.331,0.626,0.225,0.43
0.154,0.299,0.581,0.02,0.738,0.315,0.872,0.679,0.714,0.072
0.486,0.514,0.291,0.361,0.163,0.105,0.373,0.356,0.861,0.864
0.221,0.602,0.318,0.823,0.447,0.2,0.325,0.886,0.029,0.729
0.195,0.803,0.127,0.061,0.396,0.179,0.168,0.908,0.948,0.072
0.244,0.943,0.081,0.158,1,0.891,0.102,0.693,0.709,0.268
0.846,0.379,0.13,0.507,0.924,0.329,0.192,0.082,0.071,0.261
0.913,0.701,0.984,0.866,0.276,0.7,0.189,0.512,0.448,0.693
0.917,0.671,0.5,0.614,0.379,0.176,0.048,0.922,0.869,0.272
0.97,0.685,0.323,0.194,0.02,0.546,0.525,0.571,0.174,0.188
0.162,0.773,0.019,0.973,0.869,0.355,0.818,0.742,0.136,0.439
0.927,0.766,0.513,0.786,0.288,0.731,0.7,0.456,0.741,0.187
0.016,0.935,0.356,0.139,0.386,0.712,0.261,0.501,0.313,0.412
0.45,0.868,0.799,0.105,0.112,0.659,0.746,0.597,0.33,0.712
0.979,0.841,0.864,0.295,0.596,0.317,0.622,0.633,0.85,0.93
0.9,0.808,0.738,0.936,0.642,0.464,0.121,0.168,0.686,0.09
0.468,0.585,0.378,0.136,0.419,0.529,0.451,0.236,0.682,0.731
0.616,0.904,0.759,0.529,0.736,0.065,0.861,0.101,0.581,0.806
0.753,0.652,0.194,0.094,0.339,0.928,0.485,0.654,0.348,0.044
0.703,0.158,0.852,0.234,0.244,0.062,0.109,0.687,0.427,0.141
0.725,0.097,0.941,0.349,0.374,0.106,0.978,0.535,0.526,0.134
0.265,0.612,0.875,0.213,0.125,0.676,0.185,0.134,0.16,0.135
0.329,0.019,0.03,0.507,0.331,0.994,0.909,0.692,0.614,0.867
0.611,0.048,0.898,0.706,0.009,0.988,0.794,0.928,0.089,0.726
0.993,0.238,0.03,0.689,0.795,0.523,0.767,0.157,0.104,0.667
0.077,0.352,0.783,0.688,0.222,0.305,0.526,0.923,0.198,0.655
0.042,0.706,0.049,0.683,0.916,0.619,0.382,0.535,0.87,0.563
0.423,0.785,0.679,0.513,0.024,0.463,0.846,0.423,0.408,0.241
0.189,0.589,0.567,0.319,0.24,0.566,0.034,0.27,0.218,0.752
0.235,0.297,0.409,0.625,0.582,0.389,0.784,0.979,0.267,0.088
0.925,0.294,0.517,0.506,0.917,0.47,0.235,0.78,0.876,0.219
0.252,0.415,0.539,0.895,0.194,0.956,0.893,0.567,0.685,0.246
0.517,0.705,0.317,0.153,0.858,0.471,0.805,0.554,0.712,0.094
0.725,0.708,0.573,0.024,0.675,0.941,0.595,0.492,0.918,0.032
0.377,0.705,0.162,0.884,0.765,0.396,0.418,0.018,0.362,0.565
0.952,0.063,0.997,0.641,0.059,0.074,0.558,0.416,0.868,0.555
0.346,0.624,0.148,0.545,0.801,0.384,0.701,0.184,0.075,0.339
0.056,0.178,0.962,0.372,0.239,0.947,0.41,0.608,0.735,0.413
0.364,0.952,0.063,0.084,0.303,0.404,0.842,0.125,0.381,0.586
0.4,0.916,0.723,0.547,0.461,0.024,0.467,0.336,0.211,0.728
0.391,0.415,0.193,0.622,0.542,0.466,0.496,0.833,0.502,0.176
0.288,0.459,0.113,0.905,0.265,0.721,0.284,0.082,0.882,0.477
0.341,0.89,0.204,0.083,0.427,0.727,0.47,0.038,0.904,0.548
0.682,0.354,0.439,0.504,0.844,0.657,0.914,0.292,0.212,0.21
0.818,0.421,0.568,0.169,0.325,0.411,0.593,0.593,0.138,0.7
0.963,0.039,0.008,0.018,0.359,0.955,0.638,0.415,0.841,0.894
0.288,0.032,0.515,0.342,0.992,0.345,0.318,0.67,0.628,0.282
0.078,0.702,0.339,0.708,0.397,0.429,0.542,0.06,0.925,0.747
0.698,0.478,0.252,0.719,0.776,0.995,0.403,0.144,0.158,0.852
0.284,0.55,0.478,0.247,0.985,0.774,0.939,0.658,0.565,0.584
0.127,0.84,0.239,0.182,0.067,0.169,0.188,0.477,0.365,0.081
0.86,0.301,0.496,0.888,0.996,0.836,0.348,0.164,0.35,0.145
0.478,0.972,0.939,0.826,0.077,0.559,0.62,0.913,0.434,0.602
0.129,0.454,0.215,0.356,0.626,0.7,0.352,0.313,0.113,0.01
0.55,0.31,0.311,0.993,0.907,0.58,0.609,0.213,0.977,0.179
0.78,0.594,0.998,0.429,0.004,0.443,0.097,0.48,0.879,0.656
0.073,0.547,0.732,0.539,0.747,0.393,0.755,0.104,0.945,0.572
0.869,0.617,0.186,0.02,0.412,0.393,0.134,0.819,0.77,0.113
0.99,0.449,0.783,0.64,0.47,0.883,0.262,0.887,0.736,0.456
0.676,0.221,0.317,0.454,0.221,0.767,0.063,0.836,0.247,0.2
0.042,0.052,0.484,0.152,0.313,0.56,0.216,0.89,0.245,0.129
0.083,0.596,0.319,0.108,0.327,0.33,0.101,0.606,0.264,0.748
0.815,0.513,0.206,0.507,0.756,0.168,0.977,0.589,0.256,0.189
0.323,0.968,0.184,0.566,0.328,0.188,0.366,0.8,1,0.161
0.1,0.193,0.461,0.27,0.788,0.343,0.454,0.153,0.081,0.944
0.105,0.387,0.941,0.16,0.687,0.597,0.332,0.981,0.645,0.76
0.057,0.656,0.04,0.485,0.505,0.276,0.071,0.552,0.41,0.209
0.588,0.997,0.399,0.151,0.044,0.684,0.115,0.436,0.42,0.645
0.398,0.564,0.846,0.485,0.025,0.118,0.587,0.759,0.818,0.734
0.141,0.488,0.297,0.294,0.719,0.429,0.722,0.513,0.026,0.114
0.675,0.354,0.453,0.029,0.242,0.836,0.387,0.942,0.545,0.368
0.316,0.476,0.102,0.785,0.173,0.802,0.599,0.979,0.718,0.302
0.893,0.306,0.61,0.194,0.57,0.676,0.545,0.91,0.456,0.802
0.31,0.338,0.445,0.468,0.437,0.166,0.772,0.474,0.398,0.969
0.993,0.992,0.734,0.733,0.82,0.033,0.257,0.357,0.88,0.673
0.278,0.922,0.983,0.387,0.591,0.868,0.663,0.428,0.407,0.606
0.327,0.866,0.39,0.857,0.773,0.329,0.429,0.364,0.859,0.536
0.595,0.834,0.81,0.358,0.619,0.959,0.411,0.961,0.263,0.333
0.759,0.506,0.952,0.145,0.688,0.947,0.02,0.567,0.159,0.535
0.517,0.976,0.898,0.823,0.132,0.995,0.03,0.534,0.168,0.138
0.626,0.461,0.885,0.475,0.314,0.689,0.451,0.636,0.116,0.643
0.948,0.746,0.228,0.377,0.409,0.942,0.022,0.471,0.261,0.322
0.801,0.444,0.911,0.495,0.037,0.757,0.106,0.557,0.38,0.254
0.314,0.261,0.165,0.565,0.273,0.183,0.991,0.634,0.265,0.019
0.897,0.138,0.138,0.564,0.457,0.212,0.762,0.009,0.81,0.823
0.489,0.224,0.773,0.836,0.229,0.847,0.423,0.251,0.002,0.021
0.701,0.36,0.005,0.691,0.368,0.738,0.588,0.035,0.558,0.453
0.363,0.257,0.589,0.485,0.343,0.938,0.477,0.376,0.008,0.152
0.469,0.848,0.112,0.326,0.94,0.904,0.978,0.983,0.84,0.163
0.925,0.453,0.133,0.896,0.306,0.641,0.564,0.536,0.876,0.454
0.813,0.169,0.373,0.87,0.952,0.623,0.083,0.713,0.12,0.365
0.891,0.79,0.171,0.568,0.736,0.116,0.652,0.016,0.221,0.192
0.27,0.362,0.727,0.481,0.87,0.256,0.071,0.1,0.438,0.077
0.148,0.452,0.973,0.38,0.507,0.444,0.345,0.422,0.028,0.859
0.627,0.245,0.445,0.866,0.552,0.743,0.232,0.754,0.088,0.899
0.487,0.623,0.107,0.403,0.288,0.828,0.935,0.397,0.232,0.003
0.684,0.978,0.781,0.185,0.611,0.158,0.995,0.335,0.939,0.294
0.74,0.543,0.362,0.848,0.695,0.339,0.19,0.773,0.201,0.405
0.002,0.552,0.273,0.327,0.142,0.644,0.869,0.131,0.565,0.179
0.862,0.702,0.001,0.876,0.131,0.802,0.694,0.296,0.019,0.223
0.177,0.763,0.114,0.429,0.691,0.229,0.65,0.153,0.948,0.963
0.427,0.389,0.976,0.97,0.089,0.047,0.299,0.824,0.75,0.671
0.97,0.396,0.687,0.226,0.988,0.019,0.724,0.958,0.214,0.538
0.497,0.486,0.237,0.232,0.405,0.142,0.794,0.572,0.553,0.145
0.046,0.042,0.678,0.402,0.934,0.927,0.822,0.97,0.97,0.758
0.466,0.727,0.891,0.438,0.077,0.141,0.447,0.967,0.083,0.103
0.877,0.788,0.161,0.379,0.556,0.749,0.457,0.248,0.738,0.215
0.774,0.252,0.741,0.336,0.412,0.863,0.211,0.69,0.465,0.853
0.804,0.822,0.07,0.781,0.807,0.322,0.761,0.353,0.516,0.647
0.214,0.419,0.088,0.728,0.765,0.296,0.287,0.645,0.288,0.114
0.66,0.62,0.326,0.229,0.912,0.555,0.608,0.697,0.492,0.239
0.146,0.943,0.422,0.395,0.38,0.522,0.071,0.985,0.071,0.359
0.978,0.817,0.434,0.257,0.187,0.618,0.042,0.456,0.415,0.602
0.56,0.23,0.798,0.9,0.356,0.161,0.963,0.442,0.152,0.232
0.178,0.698,0.16,0.382,0.483,0.188,0.331,0.181,0.082,0.894
0.849,0.292,0.071,0.502,0.488,0.842,0.065,0.391,0.404,0.282
0.069,0.311,0.326,0.47,0.718,0.801,0.268,0.038,0.049,0.815
0.101,0.242,0.807,0.04,0.189,0.343,0.164,0.702,0.412,0.777
0.312,0.266,0.417,0.174,0.648,0.137,0.762,0.475,0.51,0.539
0.357,0.867,0.788,0.026,0.351,0.405,0.964,0.035,0.616,0.037
0.291,0.428,0.664,0.745,0.117,0.126,0.681,0.981,0.953,0.219
0.369,0.628,0.814,0.227,0.259,0.952,0.493,0.846,0.881,0.441
0.297,0.699,0.494,0.37,0.549,0.513,0.674,0.995,0.841,0.814
0.501,0.772,0.15,0.285,0.394,0.874,0.377,0.642,0.67,0.717
0.328,0.109,0.822,0.545,0.074,0.334,0.791,0.029,0.779,0.127
0.871,0.87,0.882,0.906,0.898,0.765,0.128,0.806,0.245,0.113
0.897,0.969,0.989,0.388,0.476,0.742,0.95,0.248,0.62,0.105
0.621,0.93,0.832,0.986,0.665,0.89,0.054,0.586,0.669,0.135
0.174,0.564,0.597,0.539,0.63,0.016,0.01,0.446,0.346,0.328
0.32,0.881,0.703,0.771,0.012,0.519,0.678,0.368,0.932,0.937
0.423,0.171,0.256,0.19,0.009,0.715,0.265,0.269,0.769,0.32
0.344,0.928,0.535,0.456,0.711,0.073,0.15,0.827,0.436,0.185
0.91,0.415,0.462,0.793,0.89,0.905,0.757,0.988,0.717,0.084
0.826,0.382,0.031,0.227,0.305,0.232,0.697,0.331,0.512,0.064
0.908,0.996,0.31,0.144,0.339,0.577,0.614,0.427,0.515,0.636
0.358,0.889,0.184,0.119,0.385,0.173,0.816,0.5,0.595,0.283
0.65,0.317,0.665,0.046,0.303,0.546,0.241,0.553,0.135,0.534
0.401,0.614,0.754,0.296,0.601,0.35,0.35,0.772,0.05,0.723
0.805,0.131,0.409,0.487,0.957,0.426,0.935,0.668,0.902,0.521
0.264,0.621,0.612,0.992,0.254,0.072,0.07,0.473,0.143,0.659
0.204,0.596,0.384,0.957,0.478,0.995,0.582,0.292,0.825,0.362
0.557,0.74,0.596,0.312,0.128,0.947,0.873,0.406,0.804,0.519
0.021,0.284,0.023,0.437,0.225,0.036,0.926,0.901,0.164,0.211
0.743,0.036,0.944,0.605,0.808,0.463,0.045,0.586,0.438,0.933
0.409,0.569,0.835,0.002,0.129,0.794,0.662,0.021,0.982,0.98
0.638,0.176,0.444,0.06,0.297,0.242,0.404,0.446,0.872,0.499
0.071,0.323,0.815,0.336,0.997,0.629,0.983,0.411,0.102,0.978
0.352,0.678,0.748,0.235,0.29,0.143,0.197,0.775,0.244,0.805
0.168,0.944,0.815,0.171,0.153,0.199,0.483,0.693,0.565,0.814
0.458,0.858,0.347,0.735,0.107,0.843,0.591,0.945,0.48,0.465
0.965,0.574,0.123,0.544,0.596,0.869,0.624,0.714,0.184,0.508
0.393,0.172,0.628,0.255,0.421,0.699,0.019,0.972,0.273,0.251
0.174,0.451,0.724,0.142,0.518,0.221,0.821,0.823,0.266,0.4
0.174,0.645,0.903,0.748,0.174,0.146,0.832,0.894,0.48,0.696
0.965,0.356,0.715,0.987,0.312,0.305,0.16,0.113,0.861,0.127
0.307,0.76,0.152,0.765,0.139,0.66,0.892,0.557,0.052,0.392
0.612,0.906,0.339,0.258,0.416,0.293,0.124,0.437,0.506,0.242
0.965,0.562,0.91,0.522,0.391,0.912,0.774,0.066,0.748,0.612
0.722,0.863,0.656,0.97,0.33,0.937,0,0.341,0.266,0.149
0.944,0.711,0.3,0.888,0.403,0.182,0.201,0.003,0.23,0.277
0.408,0.626,0.985,0.896,0.738,0.334,0.755,0.43,0.688,0.143
0.489,0.201,0.434,0.607,0.473,0.021,0.936,0.901,0.491,0.527
0.826,0.278,0.914,0.522,0.571,0.551,0.218,0.27,0.166,0.591
0.519,0.761,0.757,0.178,0.42,0.204,0.225,0.248,0.486,0.365
0.195,0.42,0.403,0.889,0.06,0.929,0.944,0.633,0.233,0.999
0.072,0.398,0.553,0.948,0.724,0.942,0.659,0.599,0.983,0.415
0.75,0.177,0.416,0.023,0.785,0.063,0.846,0.427,0.271,0.798
0.411,0.16,0.013,0.104,0.603,0.926,0.016,0.209,0.606,0.869
0.128,0.54,0.434,0.95,0.399,0.949,0.166,0.374,0.033,0.851
0.697,0.447,0.371,0.009,0.601,0.282,0.696,0.148,0.942,0.585
0.784,0.547,0.259,0.711,0.179,0.705,0.976,0.865,0.45,0.356
0.425,0.781,0.936,0.872,0.673,0.94,0.917,0.697,0.543,0.133
0.16,0.48,0.166,0.659,0.128,0.092,0.272,0.881,0.452,0.769
0.075,0.571,0.005,0.732,0.503,0.794,0.268,0.351,0.617,0.312
0.442,0.845,0.741,0.155,0.513,0.312,0.745,0.497,0.542,0.122
0.081,0.599,0.983,0.713,0.655,0.019,0.606,0.981,0.53,0.974
0.63,0.314,0.339,0.462,0.903,0.993,0.169,0.901,0.008,0.501
0.613,0.325,0.675,0.671,0.465,0.636,0.341,0.521,0.809,0.253
0.206,0.216,0.884,1,0.476,0.294,0.416,0.261,0.805,0.615
0.919,0.545,0.113,0.759,0.162,0.78,0.538,0.105,0.6,0.803
0.281,0.202,0.466,0.785,0.697,0.72,0.352,0.49,0.175,0.182
0.876,0.88,0.795,0.053,0.673,0.488,0.652,0.816,0.135,0.009
0.458,0.971,0.343,0.494,0.979,0.923,0.534,0.924,0.178,0.842
0.909,0.963,0.837,0.958,0.926,0.662,0.119,0.638,0.448,0.198
0.026,0.82,0.805,0.267,0.466,0.342,0.466,0.695,0.624,0.848
0.887,0.573,0.615,0.455,0.403,0.819,0.918,0.407,0.179,0.224
0.044,0.205,0.784,0.063,0.308,0.944,0.948,0.963,0.916,0.318
0.215,0.527,0.569,0.143,0.933,0.509,0.015,0.178,0.86,0.149
0.861,0.583,0.803,0.639,0.028,0.82,0.489,0.52,0.241,0.919
0.136,0.249,0.79,0.947,0.282,0.597,0.971,0.203,0.806,0.652
0.659,0.407,0.814,0.556,0.645,0.077,0.539,0.987,0.826,0.672
0.064,0.443,0.213,0.759,0.59,0.327,0.705,0.425,0.38,0.475
0.544,0.867,0.623,0.6,0.183,0.153,0.571,0.669,0.046,0.83
0.171,0.25,0.509,0.8,0.957,0.805,0.689,0.922,0.96,0.306
0.843,0.904,0.815,0.842,0.747,0.573,0.591,0.166,0.948,0.31
0.198,0.249,0.057,0.674,0.441,0.508,0.314,0.492,0.156,0.311
0.774,0.265,0.175,0.919,0.71,0.12,0.927,0.154,0.514,0.557
0.931,0.824,0.72,0.689,0.488,0.496,0.97,0.872,0.32,0.473
0.627,0.889,0.575,0.802,0.25,0.443,0.122,0.084,0.917,0.205
0.878,0.41,0.862,0.529,0.369,0.997,0.566,0.224,0.739,0.882
0.679,0.275,0.893,0.654,0.74,0.104,0.311,0.38,0.154,0.413
0.763,0.037,0.949,0.473,0.758,0.928,0.113,0.087,0.257,0.434
0.625,0.305,0.606,0.867,0.64,0.053,0.747,0.476,0.83,0.555
0.102,0.965,0.513,0.802,0.723,0.259,0.217,0.66,0.777,0.711
0.767,0.595,0.548,0.828,0.406,0.924,0.988,0.554,0.013,0.583
0.514,0.069,0.069,0.381,0.033,0.387,0.682,0.778,0.957,0.11
0.544,0.613,0.477,0.316,0.384,0.814,0.92,0.514,0.625,0.633
0.306,0.781,0.966,0.423,0.212,0.12,0.799,0.124,0.005,0.288
0.14,0.167,0.971,0.8,0.901,0.666,0.749,0.435,0.022,0.449
0.334,0.268,0.662,0.28,0.732,0.22,0.938,0.869,0.352,0.59
0.857,0.669,0.393,0.592,0.444,0.991,0.274,0.622,0.677,0.404
0.315,0.786,0.167,0.913,0.663,0.494,0.881,0.805,0.41,0.705
0.159,0.897,0.633,0.713,0.557,0.376,0.11,0.368,0.767,0.311
0.137,0.541,0.172,0.962,0.425,0.957,0.51,0.854,0.299,0.651
0.04,0.478,0.174,0.833,0.14,0.718,0.975,0.562,0.919,0.045
0.268,0.373,0.999,0.582,0.321,0.086,0.958,0.463,0.663,0.852
0.582,0.753,0.791,0.75,0.981,0.924,0.233,0.12,0.165,0.864
0.595,0.744,0.994,0.497,0.233,0.866,0.416,0.26,0.949,0.06
0.808,0.988,0.239,0.326,0.412,0.798,0.552,0.36,0.99,0.273
0.355,0.936,0.416,0.094,0.388,0.047,0.045,0.621,0.418,0.019
0.921,0.38,0.787,0.047,0.985,0.063,0.181,0.934,0.918,0.859
0.986,0.843,0.259,0.235,0.838,0.801,0.925,0.657,0.154,0.813
0.802,0.965,0.99,0.64,0.181,0.878,0.107,0.351,0.782,0.776
0.576,0.41,0.344,0.841,0.4,0.925,0.57,0.676,0.383,0.772
0.025,0.174,0.848,0.401,0.977,0.97,0.689,0.3,0.091,0.781
0.792,0.456,0.813,0.095,0.156,0.399,0.44,0.035,0.71,0.614
0.274,0.119,0.869,0.937,0.538,0.305,0.136,0.786,0.977,0.444
0.856,0.414,0.283,0.15,0.364,0.77,0.618,0.192,0.364,0.523
0.348,0.683,0.944,0.675,0.596,0.794,0.418,0.463,0.882,0.396
0.685,0.078,0.752,0.222,0.17,0.101,0.64,0.804,0.612,0.783
0.326,0.921,0.381,0.235,0.786,0.496,0.981,0.508,0.671,0.476
0.62,0.457,0.272,0.275,0.824,0.055,0.307,0.828,0.061,0.634
0.942,0.165,0.134,0.969,0.711,0.565,0.057,0.821,0.525,0.963
0.347,0.437,0.764,0.125,0.43,0.437,0.912,0.461,0.323,0.995
0.726,0.86,0.227,0.237,0.662,0.137,0.916,0.278,0.602,0.554
0.345,0.129,0.027,0.055,0.327,0.497,0.878,0.981,0.039,0.688
0.311,0.467,0.494,0.179,0.38,0.591,0.663,0.99,0.572,0.464
0.63,0.423,0.332,0.081,0.783,0.566,0.109,0.494,0.307,0.803
0.83,0.737,0.102,0.588,0.694,0.512,0.322,0.907,0.028,0.647
0.06,0.292,0.061,0.633,0.905,0.024,0.599,0.672,0.221,0.526
0.708,0.224,0.528,0.268,0.534,0.526,0.701,0.01,0.763,0.217
0.036,0.936,0.384,0.328,0.908,0.064,0.914,0.26,0.61,0.991
0.967,0.144,0.089,0.164,0.038,0.728,0.793,0.549,0.874,0.804
0.279,0.688,0.265,0.335,0.628,0.879,0.877,0.074,0.892,0.209
0.868,0.141,0.505,0.18,0.915,0.888,0.596,0.956,0.735,0.43
0.138,0.157,0.646,0.506,0.6,0.906,0.788,0.752,0.15,0.454
0.93,0.259,0.536,0.605,0.191,0.605,0.162,0.39,0.559,0.339
0.575,0.437,0.583,0.736,0.369,0.454,0.93,0.354,0.157,0.929
0.598,0.5,0.869,0.75,0.582,0.199,0.046,0.927,0.375,0.449
0.476,0.15,0.018,0.736,0.378,0.738,0.95,0.102,0.936,0.092
0.009,0.552,0.915,0.928,0.762,0.826,0.737,0.809,0.536,0.588
0.516,0.735,0.969,0.231,0.137,0.841,0.337,0.411,0.709,0.694
0.207,0.819,0.946,0.04,0.232,0.794,0.716,0.924,0.331,0.141
0.46,0.887,0.773,0.391,0.2,0.269,0.764,0.029,0.346,0.734
0.715,0.261,0.117,0.171,0.677,0.899,0.927,0.47,0.898,0.046
0.533,0.044,0.82,0.1,0.346,0.016,0.558,0.446,0.508,0.131
0.798,0.792,0.426,0.052,0.137,0.549,0.707,0.036,0.899,0.972
0.381,0.697,0.568,0.346,0.653,0.707,0.491,0.121,0.35,0.485
0.756,0.041,0.089,0.132,0.453,0.761,0.456,0.768,0.952,0.049
0.643,0.499,0.72,0.101,0.149,0.349,0.785,0.16,0.579,0.336
0.672,0.116,0.063,0.701,0.047,0.863,0.24,0.507,0.608,0.358
0.93,0.823,0.587,0.568,0.178,0.882,0.626,0.418,0.157,0.886
0.295,0.629,0.933,0.936,0.417,0.711,0.423,0.657,0.533,0.166
0.427,0.625,0.366,0.251,0.564,0.887,0.095,0.356,0.43,0.567
0.575,0.497,0.153,0.749,0.391,0.608,0.281,0.36,0.333,0.316
0.646,0.952,0.717,0.895,0.879,0.47,0.718,0.425,0.161,0.894
0.907,0.126,0.212,0.795,0.272,0.199,0.862,0.777,0.432,0.912
0.398,0.791,0.297,0.377,0.745,0.92,0.653,0.813,0.886,0.732
0.718,0.856,0.651,0.747,0.341,0.304,0.552,0.724,0.773,0.173
0.183,0.329,0.74,0.013,0.631,0.502,0.944,0.888,0.761,0.343
0.492,0.946,0.943,0.751,0.496,0.275,0.543,0.796,0.383,0.367
0.031,0.068,0.714,0.337,0.204,0.621,0.145,0.363,0.322,0.169
0.088,0.525,0.104,0.726,0.612,0.613,0.21,0.234,0.583,0.253
0.518,0.479,0.218,0.73,0.014,0.686,0.918,0,0.069,0.562
0.705,0.153,0.317,0.518,0.965,0.792,0.674,0.594,0.079,0.553
0.507,0.942,0.211,0.419,0.374,0.056,0.653,0.886,0.426,0.048
0.077,0.349,0.357,0.282,0.055,0.649,0.076,0.992,0.627,0.233
0.833,0.047,0.76,0.341,0.411,0.629,0.238,0.911,0.34,0.706
0.277,0.074,0.372,0.715,0.188,0.991,0.613,0.102,0.4,0.834
0.075,0.949,0.458,0.932,0.62,0.282,0.331,0.572,0.64,0.786
0.219,0.047,0.015,0.535,0.565,0.391,0.624,0.942,0.854,0.688
0.137,0.767,0.402,0.421,0.341,0.048,0.687,0.171,0.96,0.301
0.609,0.773,0.205,0.987,0.14,0.452,0.314,0.564,0.555,0.384
0.267,0.372,0.346,0.666,0.075,0.897,0.407,0.121,0.243,0.422
0.72,0.5,0.019,0.683,0.256,0.333,0.496,0.544,0.379,0.116
0.212,0.948,0.23,0.68,0.749,0.952,0.009,0.081,0.714,0.682
0.083,0.043,0.172,0.826,0.943,0.218,0.125,0.868,0.612,0.938
0.359,0.47,0.973,0.019,0.911,0.511,0.631,0.667,0.352,0.505
0.137,0.891,0.338,0.095,0.458,0.634,0.842,0.14,0.909,0.596
0.641,0.142,0.952,0.017,0.854,0.839,0.69,0.623,0.349,0.71
0.488,0.261,0.088,0.958,0.187,0.413,0.702,0.046,0.378,0.069
0.46,0.381,0.933,0.601,0.07,0.839,0.046,0.945,0.123,0.124
0.337,0.155,0.311,0.688,0.305,0.153,0.173,0.43,0.727,0.679
0.414,0.457,0.515,0.687,0.2,0.171,0.338,0.524,0.305,0.625
0.898,0.546,0.828,0.895,0.893,0.151,0.361,0.545,0.418,0.295
0.256,0.293,0.844,0.464,0.902,0.325,0.43,0.899,0.394,0.931
0.006,0.193,0.627,0.191,0.43,0.649,0.206,0.177,0.286,0.074
0.628,0.621,0.715,0.728,0.839,0.632,0.162,0.293,0.274,0.361
0.262,0.711,0.89,0.04,0.3,0.782,0.89,0.29,0.253,0.256
0.648,0.496,0.787,0.974,0.342,0.016,0.455,0.239,0.799,0.461
0.228,0.063,0.051,0.436,0.803,0.032,0.222,0.469,0.065,0.895
0.933,0.221,0.981,0.987,0.583,0.906,0.331,0.465,0.753,0.205
0.236,0.059,0.523,0.722,0.903,0.449,0.884,0.815,0.386,0.433
0.364,0.119,0.379,0.318,0.671,0.342,0.845,0.044,0.102,0.9
0.767,0.353,0.221,0.412,0.995,0.61,0.272,0.996,0.714,0.851
0.246,0.021,0.253,0.195,0.608,0.122,0.574,0.217,0.238,0.619
0.717,0.206,0.374,0.503,0.687,0.014,0.238,0.873,0.082,0.109
0.436,0.871,0.841,0.362,0.562,0.179,0.753,0.951,0.266,0.806
0.674,0.219,0.317,0.401,0.918,0.663,0.146,0.668,0.983,0.125
0.199,0.825,0.365,0.555,0.886,0.647,0.919,0.995,0.311,0.654
0.862,0.36,0.492,0.494,0.869,0.614,0.924,0.504,0.098,0.241
0.414,0.979,0.372,0.793,0.12,0.862,0.982,0.851,0.467,0.809
0.556,0.073,0.67,0.449,0.262,0.826,0.685,0.151,0.178,0.547
0.488,0.209,0.404,0.805,0.729,0.355,0.033,0.922,0.912,0.309
0.099,0.249,0.739,0.134,0.071,0.515,0.144,0.272,0.526,0.945
0.209,0.422,0.173,0.029,0.747,0.747,0.176,0.653,0.53,0.147
0.43,0.145,0.956,0.723,0.688,0.878,0.942,0.083,0.912,0.509
0.627,0.614,0.79,0.719,0.18,0.027,0.097,0.605,0.12,0.384
0.848,0.961,0.241,0.069,0.486,0.742,0.29,0.817,0.111,0.883
0.459,0.767,0.811,0.958,0.762,0.808,0.572,0.661,0.335,0.909
0.002,0.294,0.121,0.675,0.303,0.455,0.337,0.008,0.251,0.87
0.723,0.427,0.373,0.697,0.443,0.088,0.301,0.702,0.065,0.68
0.711,0.147,0.484,0.525,0.091,0.404,0.719,0.378,0.457,0.696
0.517,0.382,0.75,0.595,0.561,0.21,0.561,0.522,0.939,0.604
0.285,0.379,0.417,0.878,0.566,0.512,0.944,0.508,0.593,0.584
0.98,0.167,0.064,0.653,0.734,0.328,0.803,0.547,0.814,0.979
0.082,0.033,0.033,0.026,0.061,0.61,0.609,0.25,0.67,0.468
0.125,0.114,0.649,0.616,0.501,0.66,0.506,0.663,0.387,0.453
0.107,0.543,0.557,0.735,0.683,0.283,0.51,0.194,0.52,0.717
0.757,0.686,0.01,0.857,0.729,0.623,0.017,0.632,0.348,0.481
0.136,0.24,0.227,0.9,0.524,0.244,0.126,0.225,0.934,0.904
0.999,0.123,0.141,0.697,0.784,0.133,0.701,0.179,0.888,0.449
0.208,0.89,0.86,0.293,0.85,0.81,0.468,0.523,0.658,0.23
0.501,0.937,0.644,0.426,0.664,0.714,0.434,0.782,0.709,0.334
0.241,0.942,0.128,0.585,0.411,0.012,0.603,0.856,0.517,0.004
0.711,0.849,0.681,0.685,0.922,0.905,0.022,0.952,0.223,0.241
0.468,0.777,0.934,0.308,0.86,0.43,0.425,0.784,0.848,0.878
0.064,0.071,0.939,0.808,0.34,0.122,0.552,0.5,0.967,0.042
0.921,0.623,0.069,0.413,0.883,0.494,0.746,0.365,0.079,0.139
0.247,0.847,0.626,0.543,0.919,0.121,0.765,0.885,0.934,0.416
0.257,0.404,0.459,0.232,0.65,0.635,0.672,0.44,0.801,0.43
0.667,0.423,0.055,0.244,0.955,0.411,0.06,0.094,0.74,0.232
0.653,0.851,0.383,0.501,0.108,0.103,0.556,0.365,0.383,0.276
0.847,0.926,0.868,0.518,0.181,0.692,0.994,0.882,0.904,0.591
0.726,0.358,0.521,0.785,0.01,0.575,0.439,0.102,0.193,0.355
0.806,0.287,0.785,0.696,0.418,0.229,0.807,0.441,0.695,0.66
0.183,0.323,0.618,0.427,0.844,0.208,0.371,0.593,0.266,0.193
0.675,0.055,0.125,0.077,0.493,0.488,0.269,0.397,0.231,0.045
0.494,0.225,0.614,0.878,0.45,0.439,0.18,0.259,0.406,0.741
0.22,0.134,0.922,0.455,0.195,0.367,0.426,0.828,0.033,0.608
0.161,0.43,0.492,0.833,0.409,0.633,0.841,0.873,0.612,0.966
0.565,0.499,0.023,0.614,0.647,0.833,0.87,0.621,0.284,0.634
0.098,0.757,0.058,0.935,0.217,0.453,0.324,0.974,0.793,0.783
0.816,0.035,0.025,0.733,0.899,0.78,0.043,0.857,0.599,0.436
0.869,0.245,0.18,0.551,0.007,0.358,0.37,0.481,0.833,0.877
0.721,0.788,0.96,0.937,0.544,0.589,0.301,0.392,0.76,0.187
0.39,0.232,0.426,0.117,0.937,0.511,0.811,0.203,0.595,0.935
0.76,0.041,0.389,0.09,0.255,0.156,0.224,0.663,0.495,0.734
0.98,0.927,0.148,0.924,0.345,0.667,0.343,0.927,0.044,0.443
0.409,0.933,0.054,0.423,0.219,0.075,0.977,0.407,0.69,0.896
0.127,0.094,0.829,0.139,0.759,0.941,0.445,0.773,0.034,0.174
0.499,0.147,0.215,0.052,0.487,0.343,0.566,0.73,0.039,0.117
0.371,0.597,0.299,0.534,0.044,0.906,0.832,0.715,0.326,0.255
0.396,0.581,0.811,0.843,0.217,0.793,0.802,0.606,0.067,0.863
0.32,0.992,0.716,0.117,0.584,0.419,0.41,0.54,0.295,0.416
0.271,0.381,0.459,0.062,0.004,0.495,0.135,0.405,0.679,0.123
0.683,0.573,0.343,0.084,0.044,0.365,0.84,0.723,0.352,0.272
0.275,0.847,0.909,0.248,0.049,0.006,0.496,0.903,0.446,0.421
0.718,0.823,0.306,0.314,0.283,0.253,0.28,0.182,0.75,0.338
0.962,0.547,0.708,0.192,0.723,0.217,0.032,0.751,0.581,0.628
0.555,0.183,0.909,0.495,0.798,0.96,0.453,0.667,0.573,0.913
0.845,0.613,0.626,0.654,0.551,0.084,0.388,0.031,0.739,0.101
0.355,0.257,0.002,0.791,0.744,0.777,0.317,0.758,0.763,0.817
0.597,0.891,0.756,0.692,0.419,0.212,0.317,0.571,0.196,0.245
0.7,0.729,0.059,0.075,0.395,0.798,0.829,0.851,0.931,0.825
0.39,0.093,0.779,0.772,0.424,0.407,0.599,0.084,0.059,0.594
0.83,0.912,0.563,0.988,0.958,0.348,0.884,0.876,0.011,0.921
0.758,0.338,0.354,0.329,0.827,0.537,0.227,0.105,0.221,0.383
0.092,0.314,0.748,0.125,0.074,0.583,0.509,0.481,0.3,0.091
0.676,0.014,0.838,0.231,0.871,0.563,0.582,0.673,0.639,0.682
0.15,0.241,0.422,0.993,0.769,0.26,0.971,0.438,0.692,0.947
0.496,0.824,0.781,0.923,0.472,0.433,0.548,0.961,0.587,0.251
0.826,0.553,0.717,0.266,0.343,0.062,0.32,0.304,0.7,0.907
0.869,0.132,0.402,0.339,0.396,0.793,0.733,0.97,0.167,0.846
0.918,0.814,0.326,0.044,0.757,0.194,0.564,0.256,0.684,0.966
0.114,0.559,0.619,0.514,0.684,0.39,0.307,0.513,0.358,0.849
0.456,0.5,0.753,0.615,0.978,0.259,0.754,0.113,0.415,0.042
0.525,0.78,0.336,0.618,0.407,0.821,0.218,0.084,0.878,0.597
0.592,0.751,0.119,0.426,0.578,0.095,0.655,0.715,0.082,0.803
0.902,0.67,0.974,0.905,0.765,0.363,0.918,0.259,0.201,0.966
0.705,0.754,0.697,0.905,0.221,0.01,0.651,0.715,0.987,0.948
0.522,0.764,0.947,0.763,0.059,0.159,0.734,0.434,0.591,0.469
0.109,0.166,0.647,0.945,0.553,0.951,0.175,0.153,0.301,0.41
0.606,0.453,0.094,0.723,0.543,0.368,0.74,0.421,0.456,0.38
0.537,0.925,0.183,0.923,0.577,0.498,0.183,0.794,0.972,0.235
0.417,0.495,0.067,0.398,0.257,0.894,0.681,0.825,0.391,0.503
0.863,0.469,0.502,0.427,0.457,0.82,0.223,0.562,0.031,0.324
0.875,0.99,0.192,0.787,0.748,0.275,0.387,0.852,0.82,0.648
0.297,0.092,0.592,0.544,0.889,0.378,0.271,0.092,0.06,0.271
0.662,0.654,0.765,0.757,0.325,0.474,0.448,0.393,0.77,0.005
0.385,0.969,0.208,0.33,0.261,0.107,0.884,0.536,0.497,0.098
0.275,0.177,0.6,0.705,0.937,0.076,0.394,0.064,0.702,0.425
0.477,0.102,0.061,0.18,0.349,0.304,0.435,0.804,0.002,0.41
0,0.707,0.102,0.498,0.162,0.771,0.117,0.784,0.149,0.03
0.876,0.297,0.027,0.769,0.953,0.113,0.995,0.156,0.519,0.55
0.149,0.122,0.974,0.564,0.271,0.047,0.147,0.349,0.79,0.817
0.245,0.074,0.18,0.86,0.502,0.854,0.788,0.361,0.322,0.251
0.328,0.575,0.694,0.178,0.635,0.12,0.103,0.258,0.909,0.216
0.414,0.23,0.437,0.98,0.356,0.974,0.879,0.469,0.025,0.55
0.913,0.953,0.111,0.125,0.486,0.421,0.705,0.003,0.624,0.325
0.597,0.47,0.221,0.388,0.847,0.152,0.085,0.058,0.788,0.614
0.75,0.451,0.813,0.758,0.986,0.519,0.443,0.214,0.036,0.073
0.536,0.652,0.756,0.559,0.051,0.622,0.33,0.368,0.259,0.949
0.246,0.692,0.898,0.975,0.931,0.061,0.167,0.031,0.667,0.154
0.377,0.201,0.942,0.768,0.152,0.312,0.042,0.63,0.158,0.61
0.331,0.999,0.141,0.093,0.672,0.203,0.633,0.31,0.28,0.413
0.123,0.196,0.97,0.245,0.812,0.046,0.881,0.62,0.338,0.911
0.562,0.384,0.925,0.479,0.481,0.888,0.459,0.556,0.924,0.884
0.42,0.011,0.145,0.075,0.367,0.927,0.02,0.202,0.127,0.047
0.39,0.495,0.844,0.914,0.745,0.864,0.638,0.746,0.371,0.104
0.224,0.937,0.933,0.536,0.746,0.317,0.088,0.12,0.149,0.444
0.048,0.933,0.41,0.608,0.959,0.703,0.46,0.617,0.844,0.126
0.203,0.952,0.777,0.589,0.407,0.651,0.559,0.709,0.718,0.944
0.144,0.656,0.58,0.061,0.615,0.655,0.875,0.039,0.493,0.151
0.311,0.019,0.699,0.078,0.851,0.051,0.508,0.92,0.309,0.86
0.274,0.406,0.649,0.606,0.809,0.781,0.962,0.637,0.52,0.962
0.71,0.667,0.328,0.258,0.294,0.158,0.218,0.902,0.035,0.934
0.943,0.102,0.332,0.802,0.674,0.657,0.467,0.363,0.703,0.172
0.288,0.475,0.805,0.834,0.249,0.475,0.945,0.776,0.723,0.072
0.454,0.125,0.079,0.976,0.334,0.368,0.939,0.618,0.933,0.119
0.341,0.819,0.555,0.382,0.337,0.457,0.467,0.107,0.36,0.725
0.081,0.442,0.933,0.3,0.92,0.029,0.801,0.699,0.074,0.081
0.171,0.988,0.574,0.075,0.307,0.06,0.243,0.096,0.453,0.224
0.29,0.557,0.133,0.992,0.397,0.424,0.182,0.641,0.919,0.772
0.308,0.659,0.872,0.567,0.499,0.478,0.759,0.312,0.051,0.309
0.104,0.519,0.113,0.133,0.103,0.597,0.766,0.713,0.397,0.248
0.547,0.851,0.384,0.294,0.643,0.23,0.513,0.82,0.457,0.661
0.847,0.748,0.376,0.023,0.117,0.763,0.832,0.979,0.28,0.601
0.834,0.049,0.248,0.22,0.062,0.058,0.388,0.904,0.488,0.503
0.066,0.653,0.927,0.554,0.427,0.533,0.84,0.081,0.66,0.787
0.328,0.578,0.842,0.136,0.777,0.512,0.468,0.232,0.551,0.587
0.74,0.82,0.235,0.429,0.722,0.862,0.745,0.271,0.043,0.315
0.043,0.117,0.729,0.35,0.274,0.973,0.125,0.861,0.705,0.603
0.743,0.582,0.164,0.587,0.042,0.221,0.952,0.739,0.705,0.028
0.915,0.345,0.79,0.635,0.087,0.364,0.257,0.72,0.114,0.328
0.281,0.433,0.808,0.412,0.101,0.213,0.93,0.054,0.763,0.096
0.378,0.399,0.88,0.122,0.515,0.55,0.539,0.952,0.784,0.513
0.071,0.754,0.712,0.668,0.295,0.156,0.603,0.441,0.916,0.457
0.287,0.114,0.664,0.897,0.14,0.231,0.9,0.275,0.953,0.977
0.512,0.605,0.322,0.301,0.047,0.522,0.819,0.349,0.173,0.141
0.3,0.748,0.232,0.39,0.126,0.095,0.363,0.764,0.741,0.459
0.167,0.679,0.926,0.788,0.554,0.524,0.949,0.649,0.328,0.024
0.151,0.291,0.965,0.048,0.161,0.838,0.591,0.62,0.269,0.373
0.632,0.515,0.04,0.951,0.444,0.581,0.208,0.685,0.27,0.002
0.6,0.417,0.228,0.78,0.713,0.887,0.258,0.682,0.406,0.436
0.23,0.733,0.94,0.891,0.301,0.756,0.268,0.856,0.157,0.756
0.545,0.135,0.983,0.004,0.99,0.342,0.489,0.439,0.43,0.351
0.844,0.06,0.98,0.319,0.813,0.1,0.268,0.206,0.549,0.045
0.632,0.94,0.676,0.913,0.213,0.051,0.626,0.54,0.113,0.91
0.679,0.724,0.084,0.274,0.443,0.191,0.447,0.651,0.016,0.483
0.211,0.618,0.853,0.727,0.054,0.103,0.112,0.177,0.047,0.321
0.367,0.882,0.859,0.565,0.786,0.183,0.112,0.908,0.693,0.105
0.73,0.779,0.167,0.102,0.494,0.589,0.807,0.614,0.991,0.033
0.842,0.381,0.569,0.779,0.301,0.169,0.628,0.542,0.969,0.619
0.729,0.114,0.605,0.83,0.674,0.087,0.069,0.481,0.051,0.245
0.107,0.411,0.709,0.307,0.759,0.428,0.308,0.934,0.532,0.278
0.094,0.976,0.14,0.406,0.178,0.641,0.322,0.427,0.921,0.633
0.808,0.366,0.451,0.848,0.239,0.408,0.313,0.708,0.234,0.7
0.94,0.103,0.335,0.06,0.076,0.092,0.061,0.061,0.127,0.369
0.668,0.655,0.428,0.561,0.706,0.415,0.61,0.553,0.561,0.947
0.512,0.286,0.038,0.826,0.773,0.234,0.943,0.244,0.627,0.824
0.363,0.498,0.533,0.347,0.397,0.467,0.706,0.358,0.612,0.305
0.694,0.148,0.544,0.275,0.989,0.06,0.217,0.312,0.316,0.221
0.316,0.338,0.025,0.817,0.78,0.335,0.77,0.617,0.495,0.751
0.581,0.389,0.916,0.701,0.772,0.651,0.223,0.692,0.249,0.153
0.774,0.805,0.403,0.571,0.899,0.007,0.678,0.92,0.954,0.237
0.258,0.778,0.309,0.455,0.081,0.315,0.251,0.968,0.147,0.048
0.76,0.88,0.948,0.536,0.116,0.645,0.947,0.115,0.763,0.057
0.97,0.621,0.426,0.08,0.06,0.355,0.409,0.656,0.249,0.183
0.119,0.756,0.637,0.185,0.472,0.337,0.604,0.178,0.248,0.195
0.009,0.316,0.124,0.354,0.284,0.387,0.874,0.496,0.367,0.059
0.568,0.08,0.361,0.584,0.407,0.448,0.57,0.935,0.578,0.695
0.522,0.936,0.413,0.642,0.752,0.1,0.863,0.012,0.365,0.076
0.708,0.146,0.277,0.197,0.249,0.064,0.76,0.438,0.235,0.581
0.176,0.902,0.999,0.323,0.31,0.101,0.637,0.202,0.538,0.964
0.483,0.216,0.796,0.664,0.599,0.774,0.129,0.043,0.879,0.209
0.579,0.85,0.092,0.073,0.534,0.568,0.634,0.994,0.69,0.495
0.303,0.612,0.675,0.545,0.169,0.691,0.951,0.661,0.443,0.681
0.318,0.974,0.022,0.614,0.791,0.754,0.976,0.192,0.467,0.396
0.404,0.23,0.514,0.449,0.819,0.321,0.522,0.632,0.464,0.251
0.009,0.421,0.141,0.885,0.401,0.377,0.066,0.467,0,0.324
0.774,0.541,0.094,0.162,0.209,0.542,0.551,0.38,0.589,0.777
0.86,0.621,0.194,0.514,0.279,0.562,0.569,0.681,0.354,0.066
0.178,0.713,0.96,0.115,0.397,0.378,0.21,0.437,0.679,0.108
0.957,0.245,0.275,0.238,0.902,0.307,0.954,0.996,0.203,0.872
0.612,0.264,0.994,0.745,0.107,0.489,0.163,0.24,0.655,0.45
0.199,0.952,0.537,0.879,0.935,0.91,0.245,0.114,0.178,0.734
0.597,0.95,0.576,0.241,0.999,0.841,0.021,0.937,0.818,0.119
0.077,0.77,0.194,0.047,0.301,0.46,0.555,0.686,0.668,0.966
0.066,0.813,0.107,0.833,0.74,0.378,0.622,0.669,0.29,0.567
0.403,0.029,0.323,0.663,0.256,0.683,0.192,0.842,0.692,0.532
0.975,0.111,0.739,0.739,0.087,0.935,0.728,0.651,0.657,0.922
0.922,0.008,0.896,0.776,0.637,0.744,0.862,0.883,0.587,0.495
0.498,0.36,0.197,0.187,0.91,0.397,0.176,0.607,0.37,0.292
0.769,0.714,0.255,0.178,0.729,0.301,0.764,0.219,0.137,0.979
